SET SQL_MODE = "NO_AUTO_VALUE_ON_ZERO";
SET time_zone = "+00:00";

DROP TABLE IF EXISTS `black_list`;
CREATE TABLE IF NOT EXISTS `black_list` (
  `user1` int(11) NOT NULL,
  `user2` int(11) NOT NULL,
  PRIMARY KEY (`user1`,`user2`)
) ENGINE=InnoDB DEFAULT CHARSET=utf8;

CREATE TABLE IF NOT EXISTS `ci_sessions` (
  `session_id` varchar(40) NOT NULL DEFAULT '0',
  `ip_address` varchar(45) NOT NULL DEFAULT '0',
  `user_agent` varchar(120) NOT NULL,
  `last_activity` int(10) unsigned NOT NULL DEFAULT '0',
  `user_data` text NOT NULL,
  PRIMARY KEY (`session_id`),
  KEY `last_activity_idx` (`last_activity`)
) ENGINE=InnoDB DEFAULT CHARSET=utf8;

DROP TABLE IF EXISTS `ethnicity`;
CREATE TABLE IF NOT EXISTS `ethnicity` (
  `id` int(10) NOT NULL AUTO_INCREMENT,
  `main_id` int(10) NOT NULL DEFAULT '0',
  `name` varchar(250) NOT NULL DEFAULT '',
  `sort_order` int(4) DEFAULT NULL,
  `example` varchar(250) NOT NULL DEFAULT '',
  `tt_width_cls` varchar(25) NOT NULL DEFAULT '',
  `status` int(1) NOT NULL DEFAULT '0',
  PRIMARY KEY (`id`)
) ENGINE=InnoDB  DEFAULT CHARSET=latin1 AUTO_INCREMENT=49 ;

TRUNCATE TABLE `ethnicity`;
INSERT INTO `ethnicity` (`id`, `main_id`, `name`, `sort_order`, `example`, `tt_width_cls`, `status`) VALUES
(1, 0, 'European', 1, '', '', 1),
(2, 0, 'Native American', 4, '', '', 1),
(3, 0, 'Middle Eastern', 8, 'e.g. Saudi Arabia, Syria, Iraq', '', 1),
(4, 0, 'Arab', 7, '', '', 1),
(5, 0, 'African', 3, '', '', 1),
(6, 0, 'Asian', 6, '', '', 1),
(7, 0, 'Latin', 2, '', '', 1),
(8, 0, 'Pacific islander', 5, '', '', 1),
(9, 1, 'NW European', NULL, 'e.g. UK, Ireland, Germany, N.France, Norway', '', 1),
(10, 1, 'NE European', NULL, 'e.g. Russia, Ukraine, Poland, Lithuania', '', 1),
(11, 1, 'South European', NULL, 'e.g. Spain, S. France, Italy, Greece', '', 1),
(12, 1, 'Russian', NULL, '', '', 0),
(13, 1, 'North American', NULL, 'e.g.  U.S.A, Canada', '', 0),
(14, 1, 'South American', NULL, 'e.g.  Argentina, Brazil', '', 0),
(15, 1, 'Australian/New Zealander', NULL, '', '', 0),
(16, 1, 'South African', NULL, '', '', 0),
(17, 1, 'Other', NULL, '', '', 0),
(18, 3, 'Turkish', NULL, '', '', 0),
(19, 3, 'Jewish/Hebrew', NULL, '', '', 0),
(20, 3, 'Iranian', NULL, '', '', 0),
(21, 3, 'Other', NULL, '', '', 0),
(22, 4, 'North African', NULL, 'e.g. Morocco, Libya, Egypt', '', 1),
(23, 4, 'Middle Eastern', NULL, 'e.g.  Saudi Arabia, Syria, Iraq', '', 1),
(24, 4, 'Other', NULL, '', '', 1),
(25, 5, 'African', NULL, 'e.g.  Nigeria, Kenya, Sudan', '', 0),
(26, 5, 'European', NULL, 'e.g.  UK, Italy, France', '', 0),
(27, 5, 'American', NULL, 'e.g.  USA, Canada', '', 0),
(28, 5, 'Caribbean', NULL, 'e.g. Jamaica, Haiti, Dominican Republic', 'with250', 0),
(29, 5, 'Asian', NULL, 'e.g.  China, India, Japan', '', 0),
(30, 5, 'Australian/New Zealander', NULL, '', '', 0),
(31, 5, 'Other', NULL, '', '', 0),
(32, 6, 'NE Asian', NULL, '', '', 1),
(33, 6, 'SW Asian', NULL, 'e.g. India, Pakistan, Bangladesh', '', 1),
(34, 6, 'SE Asian', NULL, 'e.g. Indonesian, Thai, Filipino', '', 1),
(35, 32, 'Chinese', NULL, '', '', 1),
(36, 32, 'Japanese', NULL, '', '', 1),
(37, 32, 'Korean', NULL, 'e.g.  Kazakhstan, Afghanistan', '', 1),
(39, 6, 'Other', NULL, '', '', 0),
(40, 7, 'Mexican', NULL, '', '', 1),
(41, 7, 'Central American', NULL, 'e.g. Guatemala, Nicaragua, Panama', '', 1),
(42, 7, 'South American', NULL, 'e.g. Colombia, Venezuela, Brazil', '', 1),
(43, 7, 'Caribbean', NULL, 'e.g. Cuba, Puerto Rico', '', 1),
(44, 7, 'Other', NULL, '', '', 0),
(45, 3, 'Turkish', NULL, '', '', 1),
(46, 3, 'Jewish', NULL, '', '', 1),
(47, 3, 'Iranian', NULL, '', '', 1),
(48, 3, 'Other', NULL, '', '', 1);

DROP TABLE IF EXISTS `forum`;
CREATE TABLE IF NOT EXISTS `forum` (
  `id` bigint(20) NOT NULL AUTO_INCREMENT,
  `topic_id` bigint(20) NOT NULL,
  `reply_to` bigint(20) NOT NULL DEFAULT '0',
  `created_by` int(11) NOT NULL,
  `created` timestamp NOT NULL DEFAULT CURRENT_TIMESTAMP,
  `txt` text NOT NULL,
  `deleted` tinyint(1) NOT NULL DEFAULT '0',
  PRIMARY KEY (`id`),
  KEY `topic_id` (`topic_id`),
  KEY `created_by` (`created_by`)
) ENGINE=InnoDB  DEFAULT CHARSET=utf8 AUTO_INCREMENT=1 ;

DROP TABLE IF EXISTS `message`;
CREATE TABLE IF NOT EXISTS `message` (
  `id` bigint(20) NOT NULL AUTO_INCREMENT,
  `from_user` int(11) NOT NULL,
  `to_user` int(11) NOT NULL,
  `reply_to` bigint(11) DEFAULT NULL,
  `msg_text` text NOT NULL,
  `created` timestamp NOT NULL DEFAULT CURRENT_TIMESTAMP,
  `unread` tinyint(1) NOT NULL DEFAULT '1',
  PRIMARY KEY (`id`),
  KEY `from_user` (`from_user`),
  KEY `to_user` (`to_user`)
) ENGINE=InnoDB  DEFAULT CHARSET=utf8 AUTO_INCREMENT=1 ;

DROP TABLE IF EXISTS `notification`;
CREATE TABLE IF NOT EXISTS `notification` (
  `id` bigint(20) NOT NULL AUTO_INCREMENT,
  `from_user` int(11) NOT NULL,
  `to_user` int(11) NOT NULL,
  `type` enum( 'profile_comment', 'photo_comment', 'photo_vote', 'photo_comment_vote', 'profile_comment_vote', 'topic_comment', 'topic_comment_vote') NOT NULL,
  `created` timestamp NOT NULL DEFAULT CURRENT_TIMESTAMP,
  `optional` varchar(100) DEFAULT NULL,
  PRIMARY KEY (`id`),
  KEY `from_user` (`from_user`),
  KEY `to_user` (`to_user`),
  KEY `type` (`type`)
) ENGINE=InnoDB DEFAULT CHARSET=utf8 AUTO_INCREMENT=1 ;

DROP TABLE IF EXISTS `photo`;
CREATE TABLE IF NOT EXISTS `photo` (
  `id` bigint(20) NOT NULL AUTO_INCREMENT,
  `album_id` int(11) NOT NULL,
  `title` varchar(150) NOT NULL,
  `image_filename` varchar(255) NOT NULL,
  `privacy_code` enum('low','medium','high') DEFAULT NULL,
  PRIMARY KEY (`id`),
  KEY `album_id` (`album_id`),
  KEY `privacy_code` (`privacy_code`)
) ENGINE=InnoDB  DEFAULT CHARSET=utf8 AUTO_INCREMENT=1 ;

DROP TABLE IF EXISTS `photo_album`;
CREATE TABLE IF NOT EXISTS `photo_album` (
  `id` int(11) NOT NULL AUTO_INCREMENT,
  `owner` int(11) NOT NULL COMMENT 'user.id',
  `title` varchar(150) NOT NULL,
  PRIMARY KEY (`id`),
  KEY `owner` (`owner`)
) ENGINE=InnoDB  DEFAULT CHARSET=utf8 AUTO_INCREMENT=1 ;

DROP TABLE IF EXISTS `photo_comment`;
CREATE TABLE IF NOT EXISTS `photo_comment` (
  `id` bigint(20) NOT NULL AUTO_INCREMENT,
  `user_id` int(11) NOT NULL,
  `target_id` bigint(20) NOT NULL,
  `reply_to` bigint(20) DEFAULT NULL,
  `comment` text NOT NULL,
  `created` timestamp NOT NULL DEFAULT CURRENT_TIMESTAMP,
  PRIMARY KEY (`id`),
  KEY `user_id` (`user_id`),
  KEY `photo_id` (`target_id`)
) ENGINE=InnoDB  DEFAULT CHARSET=utf8 AUTO_INCREMENT=1 ;

TRUNCATE TABLE `photo_comment`;

DROP TABLE IF EXISTS `photo_comment_share`;
CREATE TABLE IF NOT EXISTS `photo_comment_share` (
  `id` bigint(20) NOT NULL AUTO_INCREMENT,
  `comment_id` bigint(20) NOT NULL,
  `user_id` int(11) NOT NULL,
  `shared` timestamp NOT NULL DEFAULT CURRENT_TIMESTAMP,
  PRIMARY KEY (`id`),
  KEY `comment_id` (`comment_id`),
  KEY `user_id` (`user_id`)
) ENGINE=InnoDB  DEFAULT CHARSET=utf8 AUTO_INCREMENT=1 ;

TRUNCATE TABLE `photo_comment_share`;

DROP TABLE IF EXISTS `photo_comment_vote`;
CREATE TABLE IF NOT EXISTS `photo_comment_vote` (
  `id` bigint(20) NOT NULL AUTO_INCREMENT,
  `comment_id` bigint(20) NOT NULL,
  `user_id` int(11) NOT NULL,
  `type` enum('like','dislike') NOT NULL,
  `created` timestamp NOT NULL DEFAULT CURRENT_TIMESTAMP,
  PRIMARY KEY (`id`),
  KEY `comment_id` (`comment_id`),
  KEY `user_id` (`user_id`),
  KEY `type` (`type`)
) ENGINE=InnoDB  DEFAULT CHARSET=utf8 AUTO_INCREMENT=1 ;

TRUNCATE TABLE `photo_comment_vote`;

DROP TABLE IF EXISTS `photo_share`;
CREATE TABLE IF NOT EXISTS `photo_share` (
  `id` bigint(20) NOT NULL AUTO_INCREMENT,
  `photo_id` bigint(20) NOT NULL,
  `user_id` int(11) NOT NULL,
  `shared` timestamp NOT NULL DEFAULT CURRENT_TIMESTAMP,
  PRIMARY KEY (`id`),
  UNIQUE KEY `unique` (`photo_id`,`user_id`)
) ENGINE=InnoDB DEFAULT CHARSET=utf8 AUTO_INCREMENT=1 ;

DROP TABLE IF EXISTS `photo_vote`;
CREATE TABLE IF NOT EXISTS `photo_vote` (
  `id` bigint(20) NOT NULL AUTO_INCREMENT,
  `photo_id` bigint(11) NOT NULL,
  `user_id` int(11) NOT NULL,
  `type` enum('like','dislike') NOT NULL,
  `created` timestamp NOT NULL DEFAULT CURRENT_TIMESTAMP,
  PRIMARY KEY (`id`),
  KEY `photo_id` (`photo_id`),
  KEY `type` (`type`),
  KEY `user_id` (`user_id`)
) ENGINE=InnoDB DEFAULT CHARSET=utf8 AUTO_INCREMENT=1 ;

DROP TABLE IF EXISTS `privacy_permission`;
CREATE TABLE IF NOT EXISTS `privacy_permission` (
  `id` bigint(20) NOT NULL AUTO_INCREMENT,
  `from_user` int(11) NOT NULL,
  `to_user` int(11) NOT NULL,
  `type` enum('photo','question') NOT NULL,
  `privacy` text NOT NULL,
  PRIMARY KEY (`id`),
  KEY `from_user` (`from_user`),
  KEY `to_user` (`to_user`),
  KEY `type` (`type`)
) ENGINE=InnoDB  DEFAULT CHARSET=utf8 AUTO_INCREMENT=1 ;

DROP TABLE IF EXISTS `profile_comment`;
CREATE TABLE IF NOT EXISTS `profile_comment` (
  `id` bigint(20) NOT NULL AUTO_INCREMENT,
  `user_id` int(11) NOT NULL,
  `target_id` int(11) NOT NULL,
  `reply_to` bigint(20) DEFAULT NULL,
  `comment` text NOT NULL,
  `created` timestamp NOT NULL DEFAULT CURRENT_TIMESTAMP,
  PRIMARY KEY (`id`),
  KEY `user_id` (`user_id`),
  KEY `target_id` (`target_id`)
) ENGINE=InnoDB  DEFAULT CHARSET=utf8 AUTO_INCREMENT=1 ;

TRUNCATE TABLE `profile_comment`;

DROP TABLE IF EXISTS `profile_comment_share`;
CREATE TABLE IF NOT EXISTS `profile_comment_share` (
  `id` bigint(20) NOT NULL AUTO_INCREMENT,
  `comment_id` bigint(20) NOT NULL,
  `user_id` int(11) NOT NULL,
  `shared` timestamp NOT NULL DEFAULT CURRENT_TIMESTAMP,
  PRIMARY KEY (`id`),
  KEY `comment_id` (`comment_id`),
  KEY `user_id` (`user_id`)
) ENGINE=InnoDB  DEFAULT CHARSET=utf8 AUTO_INCREMENT=1 ;

TRUNCATE TABLE `profile_comment_share`;

DROP TABLE IF EXISTS `profile_comment_vote`;
CREATE TABLE IF NOT EXISTS `profile_comment_vote` (
  `id` bigint(20) NOT NULL AUTO_INCREMENT,
  `comment_id` bigint(20) NOT NULL,
  `user_id` int(11) NOT NULL,
  `type` enum('like','dislike') NOT NULL,
  `created` timestamp NOT NULL DEFAULT CURRENT_TIMESTAMP,
  PRIMARY KEY (`id`),
  KEY `comment_id` (`comment_id`),
  KEY `user_id` (`user_id`),
  KEY `type` (`type`)
) ENGINE=InnoDB DEFAULT CHARSET=utf8 AUTO_INCREMENT=1 ;

TRUNCATE TABLE `profile_comment_vote`;

DROP TABLE IF EXISTS `question_privacy`;
CREATE TABLE IF NOT EXISTS `question_privacy` (
  `user_id` int(11) NOT NULL,
  `question_id` int(11) NOT NULL,
  `privacy_code` enum('low','medium','high') NOT NULL,
  PRIMARY KEY (`user_id`,`question_id`),
  KEY `user_id` (`user_id`),
  KEY `question_id` (`question_id`)
) ENGINE=InnoDB DEFAULT CHARSET=utf8;

DROP TABLE IF EXISTS `q_answer`;
CREATE TABLE IF NOT EXISTS `q_answer` (
  `id` bigint(20) NOT NULL AUTO_INCREMENT,
  `user_id` int(11) NOT NULL,
  `question_id` int(11) NOT NULL,
  `me` varchar(150) DEFAULT NULL,
  `me_status` tinyint(1) NOT NULL DEFAULT '0',
  `partner` varchar(150) DEFAULT NULL,
  `partner_status` tinyint(1) NOT NULL DEFAULT '0',
  PRIMARY KEY (`id`),
  KEY `user_id` (`user_id`),
  KEY `question_id` (`question_id`)
) ENGINE=InnoDB  DEFAULT CHARSET=utf8 AUTO_INCREMENT=1 ;

DROP TABLE IF EXISTS `q_level`;
CREATE TABLE IF NOT EXISTS `q_level` (
  `id` int(11) NOT NULL AUTO_INCREMENT,
  `type` enum('past','present') NOT NULL,
  `level` tinyint(4) NOT NULL,
  `label` varchar(100) NOT NULL,
  PRIMARY KEY (`id`),
  UNIQUE KEY `type` (`type`,`level`)
) ENGINE=InnoDB  DEFAULT CHARSET=utf8 AUTO_INCREMENT=14 ;

TRUNCATE TABLE `q_level`;
INSERT INTO `q_level` (`id`, `type`, `level`, `label`) VALUES
(1, 'past', 1, 'lvl_1'),
(2, 'past', 2, 'lvl_2'),
(3, 'past', 3, 'lvl_3'),
(4, 'past', 4, 'lvl_4'),
(5, 'past', 5, 'lvl_5'),
(6, 'past', 6, 'lvl_6'),
(7, 'past', 7, 'outcome'),
(8, 'present', 1, 'lvl_1'),
(9, 'present', 2, 'lvl_2'),
(10, 'present', 3, 'lvl_3'),
(11, 'present', 4, 'lvl_4'),
(12, 'present', 5, 'lvl_5'),
(13, 'present', 6, 'lvl_6');

DROP TABLE IF EXISTS `q_outcome`;
CREATE TABLE IF NOT EXISTS `q_outcome` (
  `user_id` int(11) NOT NULL,
  `answer` varchar(150) NOT NULL DEFAULT '',
  `mark_rel` tinyint(1) NOT NULL DEFAULT '0' COMMENT '1 => start | 2 => end',
  `ending_rel` tinyint(1) NOT NULL DEFAULT '0' COMMENT '1 => a permanent break-up | 2 => engagement /marriage',
  `status` tinyint(1) NOT NULL DEFAULT '0',
  PRIMARY KEY (`user_id`)
) ENGINE=InnoDB DEFAULT CHARSET=utf8;

DROP TABLE IF EXISTS `q_question`;
CREATE TABLE IF NOT EXISTS `q_question` (
  `id` int(11) NOT NULL AUTO_INCREMENT,
  `level_id` tinyint(4) NOT NULL,
  `qnum` tinyint(4) NOT NULL COMMENT 'question number',
  `label` varchar(100) NOT NULL,
  `quest_type_id` int(11) NOT NULL COMMENT 'Question Type (from q_question_type)',
  `optional` varchar(100) DEFAULT NULL,
  PRIMARY KEY (`id`),
  KEY `level_id` (`level_id`)
) ENGINE=InnoDB  DEFAULT CHARSET=utf8 AUTO_INCREMENT=761 ;

TRUNCATE TABLE `q_question`;
INSERT INTO `q_question` (`id`, `level_id`, `qnum`, `label`, `quest_type_id`, `optional`) VALUES
(1, 1, 1, 'l1q1', 1, 'scr_min=13|scr_max=71|last_opt=&gt; 71|mode=D|subquestion'),
(2, 1, 2, 'l1q2', 2, 'mode=D|subquestion|opt_count=4'),
(3, 1, 3, 'l1q3', 2, 'mode=D|subquestion|opt_count=4'),
(4, 1, 4, 'l1q4', 2, 'mode=D|subquestion|opt_count=7'),
(5, 1, 5, 'l1q5', 2, 'mode=D|subquestion|opt_count=8'),
(6, 1, 6, 'l1q6', 2, 'mode=D|subquestion|opt_count=7'),
(7, 1, 7, 'l1q7', 5, 'mode=D|subquestion|opt_count=7'),
(8, 1, 8, 'l1q8', 3, 'mode=D|subquestion|min=0|max=250'),
(9, 1, 9, 'l1q9', 19, 'mode=D|subquestion|min=0|max=150'),
(10, 1, 10, 'l1q10', 19, 'mode=D|subquestion|min=0|max=990'),
(11, 1, 11, 'l1q11', 4, 'mode=D|subquestion'),
(12, 1, 12, 'l1q12', 5, 'mode=D|subquestion|opt_count=7'),
(13, 1, 13, 'l1q13', 2, 'mode=S|subquestion|opt_count=5'),
(14, 1, 14, 'l1q14', 6, 'mode=D|subquestion|type=numeric|max_val=5|opt_count=2'),
(15, 1, 15, 'l1q15', 4, 'mode=S|subquestion'),
(16, 1, 16, 'l1q16', 4, 'mode=S|subquestion'),
(17, 1, 17, 'l1q17', 6, 'mode=D|subquestion|type=numeric|max_val=5|opt_count=2'),
(18, 1, 18, 'l1q18', 6, 'mode=D|subquestion|type=numeric|max_val=5|opt_count=2'),
(19, 1, 19, 'l1q19', 6, 'mode=D|subquestion|type=numeric|max_val=5|opt_count=3'),
(20, 1, 20, 'l1q20', 6, 'mode=D|subquestion|type=boolean|opt_count=3'),
(21, 1, 21, 'l1q21', 1, 'mode=D|subquestion|custom_options'),
(22, 1, 22, 'l1q22', 6, 'mode=D|subquestion|type=numeric|max_val=7|opt_count=1'),
(23, 1, 23, 'l1q23', 1, 'mode=D|subquestion|custom_options'),
(24, 1, 24, 'l1q24', 21, 'mode=D|subquestion|opt_count=6'),
(25, 1, 25, 'l1q25', 6, 'mode=D|subquestion|type=numeric|max_val=5|opt_count=2'),
(26, 1, 26, 'l1q26', 5, 'mode=D|subquestion|opt_count=3'),
(27, 1, 27, 'l1q27', 6, 'mode=D|subquestion|type=numeric|max_val=5|opt_count=3'),
(28, 1, 28, 'l1q28', 6, 'mode=D|subquestion|type=numeric|max_val=5|opt_count=3'),
(29, 1, 29, 'l1q29', 6, 'mode=D|subquestion|type=numeric|max_val=5|opt_count=3'),
(30, 1, 30, 'l1q30', 6, 'mode=D|subquestion|type=numeric|max_val=5|opt_count=3'),
(31, 1, 31, 'l1q31', 6, 'mode=D|subquestion|type=numeric|max_val=5|opt_count=3'),
(32, 1, 32, 'l1q32', 4, 'mode=D|subquestion'),
(33, 1, 33, 'l1q33', 4, 'mode=D|subquestion'),
(34, 1, 34, 'l1q34', 7, 'mode=D|subquestion|opt_count=12'),
(35, 1, 35, 'l1q35', 2, 'mode=S|opt_count=18'),
(36, 1, 36, 'l1q36', 18, 'mode=S|opt_count=4'),
(37, 1, 37, 'l1q37', 18, 'mode=S|opt_count=4'),
(38, 1, 38, 'l1q38', 20, 'mode=S'),
(39, 1, 39, 'l1q39', 6, 'mode=D|opt_count=1|type=numeric|max_val=5'),
(40, 1, 40, 'l1q40', 1, 'mode=S|custom_options'),
(41, 1, 41, 'l1q41', 2, 'mode=D|opt_count=4'),
(42, 1, 42, 'l1q42', 6, 'mode=D|type=numeric|opt_count=3|max_val=5'),
(43, 1, 43, 'l1q43', 6, 'mode=D|type=numeric|opt_count=3|max_val=5'),
(44, 1, 44, 'l1q44', 18, 'mode=S|opt_count=3'),
(45, 1, 45, 'l1q45', 1, 'mode=D|custom_options'),
(46, 1, 46, 'l1q46', 1, 'mode=D|custom_options'),
(47, 1, 47, 'l1q47', 1, 'mode=D|custom_options'),
(48, 1, 48, 'l1q48', 1, 'mode=D|custom_options'),
(49, 1, 49, 'l1q49', 1, 'mode=S|scr_max=30|last_opt=&gt; 30'),
(50, 1, 50, 'l1q50', 6, 'mode=S|type=numeric|opt_count=2|max_val=7'),
(51, 1, 51, 'l1q51', 9, 'mode=D'),
(52, 1, 52, 'l1q52', 6, 'mode=D|type=numeric|opt_count=1|max_val=5'),
(53, 1, 53, 'l1q53', 5, 'mode=S|opt_count=4'),
(54, 1, 54, 'l1q54', 4, 'mode=S'),
(55, 1, 55, 'l1q55', 4, 'mode=S'),
(56, 1, 56, 'l1q56', 6, 'mode=S|opt_count=2|type=numeric|max_val=7'),
(57, 1, 57, 'l1q57', 6, 'mode=S|opt_count=1|type=numeric|max_val=5'),
(58, 1, 58, 'l1q58', 4, 'mode=D'),
(59, 1, 59, 'l1q59', 4, 'mode=D'),
(60, 1, 60, 'l1q60', 6, 'mode=S|type=numeric|opt_count=2|max_val=8'),
(61, 1, 61, 'l1q61', 9, 'mode=S'),
(62, 1, 62, 'l1q62', 9, 'mode=D'),
(63, 2, 1, 'l2q1', 15, 'opt_count=2|scr_min=13|scr_max=42'),
(64, 2, 2, 'l2q2', 2, 'mode=D|opt_count=3'),
(65, 2, 3, 'l2q3', 2, 'mode=D|opt_count=2'),
(66, 2, 4, 'l2q4', 3, 'min=13|max=42|mode=D'),
(67, 2, 5, 'l2q5', 2, 'mode=D|opt_count=2'),
(68, 2, 6, 'l2q6', 6, 'mode=D|opt_count=4|type=boolean'),
(69, 2, 7, 'l2q7', 9, 'mode=D'),
(70, 2, 8, 'l2q8', 9, 'mode=D'),
(71, 2, 9, 'l2q9', 9, 'mode=D'),
(72, 2, 10, 'l2q10', 9, 'mode=D'),
(73, 2, 11, 'l2q11', 9, 'mode=D'),
(74, 2, 12, 'l2q12', 1, 'mode=D|last_opt=&gt; 30|scr_min=0|scr_max=30'),
(75, 2, 13, 'l2q13', 6, 'mode=D|type=numeric|opt_count=2|max_val=10'),
(76, 2, 14, 'l2q14', 6, 'mode=D|type=numeric|opt_count=3|max_val=5'),
(77, 2, 15, 'l2q15', 6, 'mode=D|opt_count=3'),
(78, 2, 16, 'l2q16', 9, 'mode=D'),
(79, 2, 17, 'l2q17', 9, 'mode=D'),
(80, 2, 18, 'l2q18', 9, 'mode=D'),
(81, 2, 19, 'l2q19', 9, 'mode=D'),
(82, 2, 20, 'l2q20', 9, 'mode=D'),
(83, 2, 21, 'l2q21', 9, 'mode=D'),
(84, 2, 22, 'l2q22', 6, 'mode=D|type=numeric|max_val=5|opt_count=2'),
(85, 2, 23, 'l2q23', 6, 'mode=D|opt_count=4|type=boolean'),
(86, 2, 24, 'l2q24', 1, 'mode=D|custom_options'),
(87, 2, 25, 'l2q25', 6, 'mode=D|opt_count=2|max_val=5|type=numeric'),
(88, 2, 26, 'l2q26', 6, 'mode=D|opt_count=3'),
(89, 2, 27, 'l2q27', 11, 'mode=D'),
(90, 2, 28, 'l2q28', 10, 'mode=D'),
(91, 2, 29, 'l2q29', 12, 'mode=D'),
(92, 2, 30, 'l2q30', 12, 'mode=D'),
(93, 2, 31, 'l2q31', 8, 'mode=D'),
(94, 2, 32, 'l2q32', 8, 'mode=D'),
(95, 2, 33, 'l2q33', 6, 'mode=D|type=boolean|opt_count=2'),
(96, 2, 34, 'l2q34', 6, 'mode=D|type=boolean|opt_count=2'),
(97, 2, 35, 'l2q35', 2, 'mode=D|opt_count=7'),
(98, 2, 36, 'l2q36', 2, 'mode=D|opt_count=7'),
(99, 2, 37, 'l2q37', 3, 'min=0|max=250|mode=D'),
(100, 2, 38, 'l2q38', 3, 'min=0|max=250|mode=D'),
(101, 2, 39, 'l2q39', 6, 'mode=D|opt_count=2|type=numeric|max_val=5'),
(102, 2, 40, 'l2q40', 6, 'mode=D|opt_count=3|type=numeric|max_val=5'),
(103, 2, 41, 'l2q41', 6, 'mode=D|opt_count=2|type=numeric|max_val=5'),
(104, 2, 42, 'l2q42', 16, 'opt_count1=2|opt_count2=1|max_val1=5'),
(105, 2, 43, 'l2q43', 7, 'mode=D|opt_count=3'),
(106, 2, 44, 'l2q44', 7, 'mode=D|opt_count=3'),
(107, 2, 45, 'l2q45', 7, 'mode=D|opt_count=2'),
(108, 2, 46, 'l2q46', 7, 'mode=D|opt_count=2'),
(109, 2, 47, 'l2q47', 7, 'mode=D|opt_count=2'),
(110, 2, 48, 'l2q48', 7, 'mode=D|opt_count=2'),
(111, 2, 49, 'l2q49', 7, 'mode=D|opt_count=2'),
(112, 2, 50, 'l2q50', 7, 'mode=D|opt_count=2'),
(113, 2, 51, 'l2q51', 7, 'mode=D|opt_count=2'),
(114, 2, 52, 'l2q52', 7, 'mode=D|opt_count=2'),
(115, 2, 53, 'l2q53', 7, 'mode=D|opt_count=2'),
(116, 2, 54, 'l2q54', 7, 'mode=D|opt_count=3'),
(117, 2, 55, 'l2q55', 7, 'mode=D|opt_count=3'),
(118, 2, 56, 'l2q56', 7, 'mode=D|opt_count=3'),
(119, 2, 57, 'l2q57', 7, 'mode=D|opt_count=3'),
(120, 2, 58, 'l2q58', 7, 'mode=D|opt_count=3'),
(121, 2, 59, 'l2q59', 7, 'mode=D|opt_count=2'),
(122, 2, 60, 'l2q60', 7, 'mode=D|opt_count=3'),
(123, 2, 61, 'l2q61', 7, 'mode=D|opt_count=4'),
(124, 2, 62, 'l2q62', 7, 'mode=D|opt_count=4'),
(125, 2, 63, 'l2q63', 7, 'mode=D|opt_count=3'),
(126, 2, 64, 'l2q64', 7, 'mode=D|opt_count=4'),
(127, 2, 65, 'l2q65', 7, 'mode=D|opt_count=4'),
(128, 3, 1, 'l3q1', 14, 'A|N'),
(129, 3, 2, 'l3q2', 14, 'A|N'),
(130, 3, 3, 'l3q3', 14, 'A|N'),
(131, 3, 4, 'l3q4', 14, 'A|N'),
(132, 3, 5, 'l3q5', 14, 'A|N'),
(133, 3, 6, 'l3q6', 14, 'A|N'),
(134, 3, 7, 'l3q7', 14, 'B|N'),
(135, 3, 8, 'l3q8', 14, 'B|N'),
(136, 3, 9, 'l3q9', 14, 'B|N'),
(137, 3, 10, 'l3q10', 14, 'B|N'),
(138, 3, 11, 'l3q11', 14, 'B|N'),
(139, 3, 12, 'l3q12', 14, 'B|N'),
(140, 3, 13, 'l3q13', 14, 'B|N'),
(141, 3, 14, 'l3q14', 14, 'B|N'),
(142, 3, 15, 'l3q15', 14, 'B|N'),
(143, 3, 16, 'l3q16', 14, 'A|N'),
(144, 3, 17, 'l3q17', 14, 'A|N'),
(145, 3, 18, 'l3q18', 14, 'A|N'),
(146, 3, 19, 'l3q19', 14, 'A|N'),
(147, 3, 20, 'l3q20', 14, 'A|N'),
(148, 3, 21, 'l3q21', 14, 'B|N'),
(149, 3, 22, 'l3q22', 14, 'B|N'),
(150, 3, 23, 'l3q23', 14, 'A|N'),
(151, 3, 24, 'l3q24', 14, 'A|N'),
(152, 3, 25, 'l3q25', 14, 'A|N'),
(153, 3, 26, 'l3q26', 14, 'A|N'),
(154, 3, 27, 'l3q27', 14, 'C|R'),
(155, 3, 28, 'l3q28', 14, 'C|R'),
(156, 3, 29, 'l3q29', 14, 'C|R'),
(157, 3, 30, 'l3q30', 14, 'C|R'),
(158, 3, 31, 'l3q31', 14, 'C|R'),
(159, 3, 32, 'l3q32', 14, 'C|R'),
(160, 3, 33, 'l3q33', 14, 'C|R'),
(161, 3, 34, 'l3q34', 14, 'C|R'),
(162, 3, 35, 'l3q35', 14, 'C|R'),
(163, 3, 36, 'l3q36', 14, 'B|N'),
(164, 3, 37, 'l3q37', 14, 'B|N'),
(165, 3, 38, 'l3q38', 14, 'B|N'),
(166, 3, 39, 'l3q39', 14, 'B|N'),
(167, 3, 40, 'l3q40', 14, 'B|N'),
(168, 3, 41, 'l3q41', 14, 'A|N'),
(169, 3, 42, 'l3q42', 14, 'A|N'),
(170, 3, 43, 'l3q43', 14, 'C|R'),
(171, 3, 44, 'l3q44', 14, 'C|R'),
(172, 3, 45, 'l3q45', 14, 'C|R'),
(173, 3, 46, 'l3q46', 14, 'C|R'),
(174, 3, 47, 'l3q47', 14, 'C|R'),
(175, 3, 48, 'l3q48', 14, 'C|R'),
(176, 3, 49, 'l3q49', 14, 'C|R'),
(177, 3, 50, 'l3q50', 14, 'C|R'),
(178, 3, 51, 'l3q51', 14, 'C|R'),
(179, 3, 52, 'l3q52', 14, 'C|R'),
(180, 3, 53, 'l3q53', 14, 'C|R'),
(181, 3, 54, 'l3q54', 14, 'C|R'),
(182, 3, 55, 'l3q55', 14, 'C|R'),
(183, 3, 56, 'l3q56', 14, 'C|R'),
(184, 3, 57, 'l3q57', 14, 'C|R'),
(185, 3, 58, 'l3q58', 14, 'C|R'),
(186, 3, 59, 'l3q59', 14, 'C|R'),
(187, 3, 60, 'l3q60', 14, 'C|R'),
(188, 3, 61, 'l3q61', 14, 'C|R'),
(189, 3, 62, 'l3q62', 14, 'C|R'),
(190, 3, 63, 'l3q63', 14, 'C|R'),
(191, 3, 64, 'l3q64', 14, 'C|R'),
(192, 3, 65, 'l3q65', 14, 'C|R'),
(193, 4, 1, 'l4q1', 2, 'mode=D|opt_count=9'),
(194, 4, 2, 'l4q2', 2, 'mode=S|opt_count=9'),
(195, 4, 3, 'l4q3', 9, 'mode=S'),
(196, 4, 4, 'l4q4', 2, 'mode=D|opt_count=9'),
(197, 4, 5, 'l4q5', 2, 'mode=D|opt_count=9'),
(198, 4, 6, 'l4q6', 2, 'mode=D|opt_count=9'),
(199, 4, 7, 'l4q7', 6, 'mode=D|opt_count=1|max_val=5|type=numeric'),
(200, 4, 8, 'l4q8', 9, 'mode=D'),
(201, 4, 9, 'l4q9', 9, 'mode=D'),
(202, 4, 10, 'l4q10', 9, 'mode=D'),
(203, 4, 11, 'l4q11', 9, 'mode=D'),
(204, 4, 12, 'l4q12', 6, 'mode=S|opt_count=4|type=boolean'),
(205, 4, 13, 'l4q13', 6, 'opt_count=2|type=boolean|mode=S'),
(206, 4, 14, 'l4q14', 4, 'mode=D'),
(207, 4, 15, 'l4q15', 2, 'opt_count=5|mode=S'),
(208, 4, 16, 'l4q16', 2, 'opt_count=5|mode=S'),
(209, 4, 17, 'l4q17', 6, 'opt_count=2|type=numeric|max_val=5|mode=S'),
(210, 4, 18, 'l4q18', 6, 'mode=D|opt_count=2|type=numeric|max_val=5'),
(211, 4, 19, 'l4q19', 2, 'opt_count=5|mode=S'),
(212, 4, 20, 'l4q20', 2, 'opt_count=5|mode=S'),
(213, 4, 21, 'l4q21', 6, 'opt_count=1|type=numeric|max_val=5|mode=S'),
(214, 4, 22, 'l4q22', 6, 'mode=S|type=numeric|opt_count=2|max_val=7'),
(215, 4, 23, 'l4q23', 2, 'opt_count=5|mode=S'),
(216, 4, 24, 'l4q24', 2, 'mode=D|opt_count=9'),
(217, 4, 25, 'l4q25', 2, 'opt_count=5|mode=S'),
(218, 4, 26, 'l4q26', 6, 'mode=D|opt_count=1|type=numeric|max_val=5'),
(219, 4, 27, 'l4q27', 1, 'mode=D|custom_options'),
(220, 4, 28, 'l4q28', 1, 'mode=D|custom_options'),
(221, 4, 29, 'l4q29', 4, 'mode=D'),
(222, 4, 30, 'l4q30', 2, 'mode=D|opt_count=9'),
(223, 4, 31, 'l4q31', 1, 'mode=D|custom_options'),
(224, 4, 32, 'l4q32', 1, 'mode=D|custom_options'),
(225, 4, 33, 'l4q33', 4, 'mode=D'),
(226, 4, 34, 'l4q34', 6, 'mode=S|type=numeric|opt_count=2|max_val=5'),
(227, 4, 35, 'l4q35', 6, 'mode=D|type=boolean|opt_count=2'),
(228, 4, 36, 'l4q36', 6, 'mode=D|type=boolean|opt_count=2'),
(229, 4, 37, 'l4q37', 6, 'mode=S|type=boolean|opt_count=2'),
(230, 4, 38, 'l4q38', 6, 'mode=D|type=boolean|opt_count=2'),
(231, 4, 39, 'l4q39', 6, 'mode=D|type=boolean|opt_count=2'),
(232, 4, 40, 'l4q40', 6, 'mode=D|type=numeric|opt_count=2|max_val=5'),
(233, 4, 41, 'l4q41', 2, 'mode=D|opt_count=9'),
(234, 4, 42, 'l4q42', 2, 'mode=D|opt_count=9'),
(235, 4, 43, 'l4q43', 4, 'mode=D'),
(236, 4, 44, 'l4q44', 9, 'mode=D'),
(237, 4, 45, 'l4q45', 4, 'mode=D'),
(238, 4, 46, 'l4q46', 6, 'mode=D|type=boolean|opt_count=2'),
(239, 4, 47, 'l4q47', 6, 'mode=D|type=numeric|opt_count=2|max_val=5'),
(240, 4, 48, 'l4q48', 6, 'mode=D|opt_count=1|type=numeric|max_val=5'),
(241, 4, 49, 'l4q49', 2, 'opt_count=5|mode=S'),
(242, 4, 50, 'l4q50', 6, 'mode=D|opt_count=1|type=numeric|max_val=5'),
(243, 4, 51, 'l4q51', 6, 'mode=D|opt_count=6|type=numeric|max_val=5'),
(244, 4, 52, 'l4q52', 2, 'mode=D|opt_count=6'),
(245, 4, 53, 'l4q53', 2, 'opt_count=6|mode=S'),
(246, 4, 54, 'l4q54', 2, 'mode=D|opt_count=6'),
(247, 4, 55, 'l4q55', 2, 'opt_count=6|mode=S'),
(248, 4, 56, 'l4q56', 2, 'mode=D|opt_count=6'),
(249, 4, 57, 'l4q57', 2, 'opt_count=6|mode=S'),
(250, 4, 58, 'l4q58', 2, 'mode=D|opt_count=6'),
(251, 4, 59, 'l4q59', 2, 'opt_count=6|mode=S'),
(252, 4, 60, 'l4q60', 2, 'mode=D|opt_count=6'),
(253, 4, 61, 'l4q61', 2, 'opt_count=6|mode=S'),
(254, 4, 62, 'l4q62', 2, 'mode=D|opt_count=6'),
(255, 4, 63, 'l4q63', 2, 'opt_count=6|mode=S'),
(256, 5, 1, 'l5q1', 4, 'mode=S'),
(257, 5, 2, 'l5q2', 4, 'mode=D'),
(258, 5, 3, 'l5q3', 6, 'mode=D|opt_count=2|type=boolean'),
(259, 5, 4, 'l5q4', 6, 'mode=S|opt_count=2|type=boolean'),
(260, 5, 5, 'l5q5', 2, 'mode=S|opt_count=7'),
(261, 5, 6, 'l5q6', 1, 'mode=S|custom_options'),
(262, 5, 7, 'l5q7', 9, 'mode=S'),
(263, 5, 8, 'l5q8', 9, 'mode=S'),
(264, 5, 9, 'l5q9', 2, 'mode=S|opt_count=7'),
(265, 5, 10, 'l5q10', 9, 'mode=S'),
(266, 5, 11, 'l5q11', 9, 'mode=D'),
(267, 5, 12, 'l5q12', 2, 'mode=S|opt_count=7'),
(268, 5, 13, 'l5q13', 1, 'mode=S|custom_options'),
(269, 5, 14, 'l5q14', 9, 'mode=S'),
(270, 5, 15, 'l5q15', 9, 'mode=S'),
(271, 5, 16, 'l5q16', 2, 'mode=S|opt_count=7'),
(272, 5, 17, 'l5q17', 9, 'mode=S'),
(273, 5, 18, 'l5q18', 9, 'mode=D'),
(274, 5, 19, 'l5q19', 2, 'mode=S|opt_count=7'),
(275, 5, 20, 'l5q20', 1, 'mode=S|custom_options'),
(276, 5, 21, 'l5q21', 9, 'mode=S'),
(277, 5, 22, 'l5q22', 9, 'mode=S'),
(278, 5, 23, 'l5q23', 2, 'mode=S|opt_count=7'),
(279, 5, 24, 'l5q24', 9, 'mode=S'),
(280, 5, 25, 'l5q25', 9, 'mode=D'),
(281, 5, 26, 'l5q26', 2, 'mode=S|opt_count=7'),
(282, 5, 27, 'l5q27', 1, 'mode=S|custom_options'),
(283, 5, 28, 'l5q28', 9, 'mode=S'),
(284, 5, 29, 'l5q29', 9, 'mode=S'),
(285, 5, 30, 'l5q30', 2, 'mode=S|opt_count=7'),
(286, 5, 31, 'l5q31', 9, 'mode=S'),
(287, 5, 32, 'l5q32', 9, 'mode=D'),
(288, 5, 33, 'l5q33', 2, 'mode=S|opt_count=7'),
(289, 5, 34, 'l5q34', 1, 'mode=S|custom_options'),
(290, 5, 35, 'l5q35', 9, 'mode=S'),
(291, 5, 36, 'l5q36', 9, 'mode=S'),
(292, 5, 37, 'l5q37', 2, 'mode=S|opt_count=7'),
(293, 5, 38, 'l5q38', 9, 'mode=S'),
(294, 5, 39, 'l5q39', 9, 'mode=D'),
(295, 5, 40, 'l5q40', 2, 'mode=S|opt_count=7'),
(296, 5, 41, 'l5q41', 1, 'mode=S|custom_options'),
(297, 5, 42, 'l5q42', 9, 'mode=S'),
(298, 5, 43, 'l5q43', 9, 'mode=S'),
(299, 5, 44, 'l5q44', 2, 'mode=S|opt_count=7'),
(300, 5, 45, 'l5q45', 9, 'mode=S'),
(301, 5, 46, 'l5q46', 9, 'mode=D'),
(302, 5, 47, 'l5q47', 2, 'mode=S|opt_count=7'),
(303, 5, 48, 'l5q48', 1, 'mode=S|custom_options'),
(304, 5, 49, 'l5q49', 9, 'mode=S'),
(305, 5, 50, 'l5q50', 9, 'mode=S'),
(306, 5, 51, 'l5q51', 2, 'mode=S|opt_count=7'),
(307, 5, 52, 'l5q52', 9, 'mode=S'),
(308, 5, 53, 'l5q53', 9, 'mode=D'),
(309, 5, 54, 'l5q54', 6, 'mode=D|opt_count=2|type=boolean'),
(310, 5, 55, 'l5q55', 4, 'mode=D'),
(311, 5, 56, 'l5q56', 6, 'mode=D|opt_count=1|type=numeric|max_val=5'),
(312, 5, 57, 'l5q57', 2, 'mode=D|opt_count=5'),
(313, 5, 58, 'l5q58', 6, 'mode=D|opt_count=5|type=numeric|max_val=5'),
(314, 5, 59, 'l5q59', 2, 'mode=D|opt_count=5'),
(315, 5, 60, 'l5q60', 2, 'mode=D|opt_count=5'),
(316, 6, 1, 'l6q1', 6, 'mode=D|opt_count=2|type=numeric|max_val=5'),
(317, 6, 2, 'l6q2', 6, 'mode=D|opt_count=2|type=numeric|max_val=5'),
(318, 6, 3, 'l6q3', 6, 'mode=D|opt_count=2|type=numeric|max_val=5'),
(319, 6, 4, 'l6q4', 6, 'mode=D|opt_count=2|type=numeric|max_val=5'),
(320, 6, 5, 'l6q5', 6, 'mode=D|opt_count=3|type=numeric|max_val=5'),
(321, 6, 6, 'l6q6', 6, 'mode=D|opt_count=2|type=numeric|max_val=5'),
(322, 6, 7, 'l6q7', 6, 'mode=D|opt_count=2|type=numeric|max_val=5'),
(323, 6, 8, 'l6q8', 6, 'mode=D|opt_count=2|type=numeric|max_val=5'),
(324, 6, 9, 'l6q9', 6, 'mode=D|opt_count=1|type=numeric|max_val=5'),
(325, 6, 10, 'l6q10', 17, 'mode=D|type=numeric|opt_count=1|max_val=5'),
(326, 6, 11, 'l6q11', 2, 'mode=D|opt_count=6'),
(327, 6, 12, 'l6q12', 2, 'mode=D|opt_count=6'),
(328, 6, 13, 'l6q13', 2, 'mode=D|opt_count=6'),
(329, 6, 14, 'l6q14', 2, 'mode=D|opt_count=5'),
(330, 6, 15, 'l6q15', 9, 'mode=D'),
(331, 6, 16, 'l6q16', 1, 'mode=D|custom_options'),
(332, 6, 17, 'l6q17', 1, 'mode=D|custom_options'),
(333, 6, 18, 'l6q18', 1, 'mode=D|custom_options'),
(334, 6, 19, 'l6q19', 1, 'mode=D|custom_options'),
(335, 6, 20, 'l6q20', 1, 'mode=S|custom_options'),
(336, 6, 21, 'l6q21', 9, 'mode=D'),
(337, 6, 22, 'l6q22', 9, 'mode=D'),
(338, 6, 23, 'l6q23', 6, 'mode=D|opt_count=3|type=numeric|max_val=12'),
(339, 6, 24, 'l6q24', 4, 'mode=D'),
(340, 6, 25, 'l6q25', 6, 'mode=D|opt_count=2|type=boolean'),
(341, 6, 26, 'l6q26', 2, 'mode=D|opt_count=5'),
(342, 6, 27, 'l6q27', 2, 'mode=D|opt_count=5'),
(343, 6, 28, 'l6q28', 6, 'mode=D|opt_count=2|type=boolean'),
(344, 6, 29, 'l6q29', 6, 'mode=D|opt_count=2|type=numeric|max_val=5'),
(345, 6, 30, 'l6q30', 6, 'mode=D|opt_count=2|type=numeric|max_val=5'),
(346, 6, 31, 'l6q31', 2, 'mode=D|opt_count=5'),
(347, 6, 32, 'l6q32', 2, 'mode=D|opt_count=5'),
(348, 6, 33, 'l6q33', 6, 'mode=D|opt_count=2|type=numeric|max_val=5'),
(349, 6, 34, 'l6q34', 6, 'mode=D|opt_count=2|type=numeric|max_val=5'),
(350, 6, 35, 'l6q35', 1, 'mode=D|custom_options'),
(351, 6, 36, 'l6q36', 9, 'mode=S'),
(352, 6, 37, 'l6q37', 9, 'mode=D'),
(353, 6, 38, 'l6q38', 6, 'mode=D|opt_count=2|type=numeric|max_val=5'),
(354, 6, 39, 'l6q39', 6, 'mode=D|opt_count=2|type=numeric|max_val=5'),
(355, 6, 40, 'l6q40', 6, 'mode=D|opt_count=1|type=numeric|max_val=5'),
(356, 6, 41, 'l6q41', 6, 'mode=D|opt_count=1|type=numeric|max_val=5'),
(357, 6, 42, 'l6q42', 6, 'mode=D|opt_count=1|type=numeric|max_val=5'),
(358, 6, 43, 'l6q43', 6, 'mode=D|opt_count=1|type=numeric|max_val=5'),
(359, 6, 44, 'l6q44', 6, 'mode=D|opt_count=1|type=numeric|max_val=5'),
(360, 6, 45, 'l6q45', 6, 'mode=D|opt_count=1|type=numeric|max_val=5'),
(361, 6, 46, 'l6q46', 6, 'mode=D|opt_count=1|type=numeric|max_val=5'),
(362, 6, 47, 'l6q47', 1, 'mode=D|custom_options'),
(363, 6, 48, 'l6q48', 9, 'mode=S'),
(364, 6, 49, 'l6q49', 9, 'mode=D'),
(365, 6, 50, 'l6q50', 1, 'mode=D|custom_options'),
(366, 6, 51, 'l6q51', 9, 'mode=S'),
(367, 6, 52, 'l6q52', 9, 'mode=D'),
(368, 8, 1, 'l1q1', 1, 'scr_min=13|scr_max=71|last_opt=&gt; 71|mode=D|subquestion'),
(369, 8, 2, 'l1q2', 2, 'mode=D|subquestion|opt_count=4'),
(370, 8, 3, 'l1q3', 2, 'mode=D|subquestion|opt_count=4'),
(371, 8, 4, 'l1q4', 2, 'mode=D|subquestion|opt_count=7'),
(372, 8, 5, 'l1q5', 2, 'mode=D|subquestion|opt_count=8'),
(373, 8, 6, 'l1q6', 2, 'mode=D|subquestion|opt_count=7'),
(374, 8, 7, 'l1q7', 5, 'mode=D|subquestion|opt_count=7'),
(375, 8, 8, 'l1q8', 3, 'mode=D|subquestion|min=0|max=250'),
(376, 8, 9, 'l1q9', 19, 'mode=D|subquestion|min=0|max=150'),
(377, 8, 10, 'l1q10', 19, 'mode=D|subquestion|min=0|max=990'),
(378, 8, 11, 'l1q11', 4, 'mode=D|subquestion'),
(379, 8, 12, 'l1q12', 5, 'mode=D|subquestion|opt_count=7'),
(380, 8, 13, 'l1q13', 2, 'mode=S|subquestion|opt_count=5'),
(381, 8, 14, 'l1q14', 6, 'mode=D|subquestion|type=numeric|max_val=5|opt_count=2'),
(382, 8, 15, 'l1q15', 4, 'mode=S|subquestion'),
(383, 8, 16, 'l1q16', 4, 'mode=S|subquestion'),
(384, 8, 17, 'l1q17', 6, 'mode=D|subquestion|type=numeric|max_val=5|opt_count=2'),
(385, 8, 18, 'l1q18', 6, 'mode=D|subquestion|type=numeric|max_val=5|opt_count=2'),
(386, 8, 19, 'l1q19', 6, 'mode=D|subquestion|type=numeric|max_val=5|opt_count=3'),
(387, 8, 20, 'l1q20', 6, 'mode=D|subquestion|type=boolean|opt_count=3'),
(388, 8, 21, 'l1q21', 1, 'mode=D|subquestion|custom_options'),
(389, 8, 22, 'l1q22', 6, 'mode=D|subquestion|type=numeric|max_val=7|opt_count=1'),
(390, 8, 23, 'l1q23', 1, 'mode=D|subquestion|custom_options'),
(391, 8, 24, 'l1q24', 21, 'mode=D|subquestion|opt_count=6'),
(392, 8, 25, 'l1q25', 6, 'mode=D|subquestion|type=numeric|max_val=5|opt_count=2'),
(393, 8, 26, 'l1q26', 5, 'mode=D|subquestion|opt_count=3'),
(394, 8, 27, 'l1q27', 6, 'mode=D|subquestion|type=numeric|max_val=5|opt_count=3'),
(395, 8, 28, 'l1q28', 6, 'mode=D|subquestion|type=numeric|max_val=5|opt_count=3'),
(396, 8, 29, 'l1q29', 6, 'mode=D|subquestion|type=numeric|max_val=5|opt_count=3'),
(397, 8, 30, 'l1q30', 6, 'mode=D|subquestion|type=numeric|max_val=5|opt_count=3'),
(398, 8, 31, 'l1q31', 6, 'mode=D|subquestion|type=numeric|max_val=5|opt_count=3'),
(399, 8, 32, 'l1q32', 4, 'mode=D|subquestion'),
(400, 8, 33, 'l1q33', 4, 'mode=D|subquestion'),
(401, 8, 34, 'l1q34', 7, 'mode=D|subquestion|opt_count=12'),
(402, 8, 35, 'l1q35', 2, 'mode=S|opt_count=18'),
(403, 8, 36, 'l1q36', 18, 'mode=S|opt_count=4'),
(404, 8, 37, 'l1q37', 18, 'mode=S|opt_count=4'),
(405, 8, 38, 'l1q38', 20, 'mode=S'),
(406, 8, 39, 'l1q39', 6, 'mode=D|opt_count=1|type=numeric|max_val=5'),
(407, 8, 40, 'l1q40', 1, 'mode=S|custom_options'),
(408, 8, 41, 'l1q41', 2, 'mode=D|opt_count=4'),
(409, 8, 42, 'l1q42', 6, 'mode=D|type=numeric|opt_count=3|max_val=5'),
(410, 8, 43, 'l1q43', 6, 'mode=D|type=numeric|opt_count=3|max_val=5'),
(411, 8, 44, 'l1q44', 18, 'mode=S|opt_count=3'),
(412, 8, 45, 'l1q45', 1, 'mode=D|custom_options'),
(413, 8, 46, 'l1q46', 1, 'mode=D|custom_options'),
(414, 8, 47, 'l1q47', 1, 'mode=D|custom_options'),
(415, 8, 48, 'l1q48', 1, 'mode=D|custom_options'),
(416, 8, 49, 'l1q49', 1, 'mode=S|scr_max=30|last_opt=&gt; 30'),
(417, 8, 50, 'l1q50', 6, 'mode=S|type=numeric|opt_count=2|max_val=7'),
(418, 8, 51, 'l1q51', 9, 'mode=D'),
(419, 8, 52, 'l1q52', 6, 'mode=D|type=numeric|opt_count=1|max_val=5'),
(420, 8, 53, 'l1q53', 5, 'mode=S|opt_count=4'),
(421, 8, 54, 'l1q54', 4, 'mode=S'),
(422, 8, 55, 'l1q55', 4, 'mode=S'),
(423, 8, 56, 'l1q56', 6, 'mode=S|opt_count=2|type=numeric|max_val=7'),
(424, 8, 57, 'l1q57', 6, 'mode=S|opt_count=1|type=numeric|max_val=5'),
(425, 8, 58, 'l1q58', 4, 'mode=D'),
(426, 8, 59, 'l1q59', 4, 'mode=D'),
(427, 8, 60, 'l1q60', 6, 'mode=S|type=numeric|opt_count=2|max_val=8'),
(428, 8, 61, 'l1q61', 9, 'mode=S'),
(429, 8, 62, 'l1q62', 9, 'mode=D'),
(430, 9, 1, 'l2q1', 15, 'opt_count=2|scr_min=13|scr_max=42'),
(431, 9, 2, 'l2q2', 2, 'mode=D|opt_count=3'),
(432, 9, 3, 'l2q3', 2, 'mode=D|opt_count=2'),
(433, 9, 4, 'l2q4', 3, 'min=13|max=42|mode=D'),
(434, 9, 5, 'l2q5', 2, 'mode=D|opt_count=2'),
(435, 9, 6, 'l2q6', 6, 'mode=D|opt_count=4|type=boolean'),
(436, 9, 7, 'l2q7', 9, 'mode=D'),
(437, 9, 8, 'l2q8', 9, 'mode=D'),
(438, 9, 9, 'l2q9', 9, 'mode=D'),
(439, 9, 10, 'l2q10', 9, 'mode=D'),
(440, 9, 11, 'l2q11', 9, 'mode=D'),
(441, 9, 12, 'l2q12', 1, 'mode=D|last_opt=&gt; 30|scr_min=0|scr_max=30'),
(442, 9, 13, 'l2q13', 6, 'mode=D|type=numeric|opt_count=2|max_val=10'),
(443, 9, 14, 'l2q14', 6, 'mode=D|type=numeric|opt_count=3|max_val=5'),
(444, 9, 15, 'l2q15', 6, 'mode=D|opt_count=3'),
(445, 9, 16, 'l2q16', 9, 'mode=D'),
(446, 9, 17, 'l2q17', 9, 'mode=D'),
(447, 9, 18, 'l2q18', 9, 'mode=D'),
(448, 9, 19, 'l2q19', 9, 'mode=D'),
(449, 9, 20, 'l2q20', 9, 'mode=D'),
(450, 9, 21, 'l2q21', 9, 'mode=D'),
(451, 9, 22, 'l2q22', 6, 'mode=D|type=numeric|max_val=5|opt_count=2'),
(452, 9, 23, 'l2q23', 6, 'mode=D|opt_count=4|type=boolean'),
(453, 9, 24, 'l2q24', 1, 'mode=D|custom_options'),
(454, 9, 25, 'l2q25', 6, 'mode=D|opt_count=2|max_val=5|type=numeric'),
(455, 9, 26, 'l2q26', 6, 'mode=D|opt_count=3'),
(456, 9, 27, 'l2q27', 11, 'mode=D'),
(457, 9, 28, 'l2q28', 10, 'mode=D'),
(458, 9, 29, 'l2q29', 12, 'mode=D'),
(459, 9, 30, 'l2q30', 12, 'mode=D'),
(460, 9, 31, 'l2q31', 8, 'mode=D'),
(461, 9, 32, 'l2q32', 8, 'mode=D'),
(462, 9, 33, 'l2q33', 6, 'mode=D|type=boolean|opt_count=2'),
(463, 9, 34, 'l2q34', 6, 'mode=D|type=boolean|opt_count=2'),
(464, 9, 35, 'l2q35', 2, 'mode=D|opt_count=7'),
(465, 9, 36, 'l2q36', 2, 'mode=D|opt_count=7'),
(466, 9, 37, 'l2q37', 3, 'min=0|max=250|mode=D'),
(467, 9, 38, 'l2q38', 3, 'min=0|max=250|mode=D'),
(468, 9, 39, 'l2q39', 6, 'mode=D|opt_count=2|type=numeric|max_val=5'),
(469, 9, 40, 'l2q40', 6, 'mode=D|opt_count=3|type=numeric|max_val=5'),
(470, 9, 41, 'l2q41', 6, 'mode=D|opt_count=2|type=numeric|max_val=5'),
(471, 9, 42, 'l2q42', 16, 'opt_count1=2|opt_count2=1|max_val1=5'),
(472, 9, 43, 'l2q43', 7, 'mode=D|opt_count=3'),
(473, 9, 44, 'l2q44', 7, 'mode=D|opt_count=3'),
(474, 9, 45, 'l2q45', 7, 'mode=D|opt_count=2'),
(475, 9, 46, 'l2q46', 7, 'mode=D|opt_count=2'),
(476, 9, 47, 'l2q47', 7, 'mode=D|opt_count=2'),
(477, 9, 48, 'l2q48', 7, 'mode=D|opt_count=2'),
(478, 9, 49, 'l2q49', 7, 'mode=D|opt_count=2'),
(479, 9, 50, 'l2q50', 7, 'mode=D|opt_count=2'),
(480, 9, 51, 'l2q51', 7, 'mode=D|opt_count=2'),
(481, 9, 52, 'l2q52', 7, 'mode=D|opt_count=2'),
(482, 9, 53, 'l2q53', 7, 'mode=D|opt_count=2'),
(483, 9, 54, 'l2q54', 7, 'mode=D|opt_count=3'),
(484, 9, 55, 'l2q55', 7, 'mode=D|opt_count=3'),
(485, 9, 56, 'l2q56', 7, 'mode=D|opt_count=3'),
(486, 9, 57, 'l2q57', 7, 'mode=D|opt_count=3'),
(487, 9, 58, 'l2q58', 7, 'mode=D|opt_count=3'),
(488, 9, 59, 'l2q59', 7, 'mode=D|opt_count=2'),
(489, 9, 60, 'l2q60', 7, 'mode=D|opt_count=3'),
(490, 9, 61, 'l2q61', 7, 'mode=D|opt_count=4'),
(491, 9, 62, 'l2q62', 7, 'mode=D|opt_count=4'),
(492, 9, 63, 'l2q63', 7, 'mode=D|opt_count=3'),
(493, 9, 64, 'l2q64', 7, 'mode=D|opt_count=4'),
(494, 9, 65, 'l2q65', 7, 'mode=D|opt_count=4'),
(495, 10, 1, 'l3q1', 14, 'A|N'),
(496, 10, 2, 'l3q2', 14, 'A|N'),
(497, 10, 3, 'l3q3', 14, 'A|N'),
(498, 10, 4, 'l3q4', 14, 'A|N'),
(499, 10, 5, 'l3q5', 14, 'A|N'),
(500, 10, 6, 'l3q6', 14, 'A|N'),
(501, 10, 7, 'l3q7', 14, 'B|N'),
(502, 10, 8, 'l3q8', 14, 'B|N'),
(503, 10, 9, 'l3q9', 14, 'B|N'),
(504, 10, 10, 'l3q10', 14, 'B|N'),
(505, 10, 11, 'l3q11', 14, 'B|N'),
(506, 10, 12, 'l3q12', 14, 'B|N'),
(507, 10, 13, 'l3q13', 14, 'B|N'),
(508, 10, 14, 'l3q14', 14, 'B|N'),
(509, 10, 15, 'l3q15', 14, 'B|N'),
(510, 10, 16, 'l3q16', 14, 'A|N'),
(511, 10, 17, 'l3q17', 14, 'A|N'),
(512, 10, 18, 'l3q18', 14, 'A|N'),
(513, 10, 19, 'l3q19', 14, 'A|N'),
(514, 10, 20, 'l3q20', 14, 'A|N'),
(515, 10, 21, 'l3q21', 14, 'B|N'),
(516, 10, 22, 'l3q22', 14, 'B|N'),
(517, 10, 23, 'l3q23', 14, 'A|N'),
(518, 10, 24, 'l3q24', 14, 'A|N'),
(519, 10, 25, 'l3q25', 14, 'A|N'),
(520, 10, 26, 'l3q26', 14, 'A|N'),
(521, 10, 27, 'l3q27', 14, 'C|R'),
(522, 10, 28, 'l3q28', 14, 'C|R'),
(523, 10, 29, 'l3q29', 14, 'C|R'),
(524, 10, 30, 'l3q30', 14, 'C|R'),
(525, 10, 31, 'l3q31', 14, 'C|R'),
(526, 10, 32, 'l3q32', 14, 'C|R'),
(527, 10, 33, 'l3q33', 14, 'C|R'),
(528, 10, 34, 'l3q34', 14, 'C|R'),
(529, 10, 35, 'l3q35', 14, 'C|R'),
(530, 10, 36, 'l3q36', 14, 'B|N'),
(531, 10, 37, 'l3q37', 14, 'B|N'),
(532, 10, 38, 'l3q38', 14, 'B|N'),
(533, 10, 39, 'l3q39', 14, 'B|N'),
(534, 10, 40, 'l3q40', 14, 'B|N'),
(535, 10, 41, 'l3q41', 14, 'A|N'),
(536, 10, 42, 'l3q42', 14, 'A|N'),
(537, 10, 43, 'l3q43', 14, 'C|R'),
(538, 10, 44, 'l3q44', 14, 'C|R'),
(539, 10, 45, 'l3q45', 14, 'C|R'),
(540, 10, 46, 'l3q46', 14, 'C|R'),
(541, 10, 47, 'l3q47', 14, 'C|R'),
(542, 10, 48, 'l3q48', 14, 'C|R'),
(543, 10, 49, 'l3q49', 14, 'C|R'),
(544, 10, 50, 'l3q50', 14, 'C|R'),
(545, 10, 51, 'l3q51', 14, 'C|R'),
(546, 10, 52, 'l3q52', 14, 'C|R'),
(547, 10, 53, 'l3q53', 14, 'C|R'),
(548, 10, 54, 'l3q54', 14, 'C|R'),
(549, 10, 55, 'l3q55', 14, 'C|R'),
(550, 10, 56, 'l3q56', 14, 'C|R'),
(551, 10, 57, 'l3q57', 14, 'C|R'),
(552, 10, 58, 'l3q58', 14, 'C|R'),
(553, 10, 59, 'l3q59', 14, 'C|R'),
(554, 10, 60, 'l3q60', 14, 'C|R'),
(555, 10, 61, 'l3q61', 14, 'C|R'),
(556, 10, 62, 'l3q62', 14, 'C|R'),
(557, 10, 63, 'l3q63', 14, 'C|R'),
(558, 10, 64, 'l3q64', 14, 'C|R'),
(559, 10, 65, 'l3q65', 14, 'C|R'),
(560, 11, 1, 'l4q1', 2, 'mode=D|opt_count=9'),
(561, 11, 2, 'l4q2', 2, 'mode=S|opt_count=9'),
(562, 11, 3, 'l4q3', 9, 'mode=S'),
(563, 11, 4, 'l4q4', 2, 'mode=D|opt_count=9'),
(564, 11, 5, 'l4q5', 2, 'mode=D|opt_count=9'),
(565, 11, 6, 'l4q6', 2, 'mode=D|opt_count=9'),
(566, 11, 7, 'l4q7', 6, 'mode=D|opt_count=1|max_val=5|type=numeric'),
(567, 11, 8, 'l4q8', 9, 'mode=D'),
(568, 11, 9, 'l4q9', 9, 'mode=D'),
(569, 11, 10, 'l4q10', 9, 'mode=D'),
(570, 11, 11, 'l4q11', 9, 'mode=D'),
(571, 11, 12, 'l4q12', 6, 'mode=S|opt_count=4|type=boolean'),
(572, 11, 13, 'l4q13', 6, 'opt_count=2|type=boolean|mode=S'),
(573, 11, 14, 'l4q14', 4, 'mode=D'),
(574, 11, 15, 'l4q15', 2, 'opt_count=5|mode=S'),
(575, 11, 16, 'l4q16', 2, 'opt_count=5|mode=S'),
(576, 11, 17, 'l4q17', 6, 'opt_count=2|type=numeric|max_val=5|mode=S'),
(577, 11, 18, 'l4q18', 6, 'mode=D|opt_count=2|type=numeric|max_val=5'),
(578, 11, 19, 'l4q19', 2, 'opt_count=5|mode=S'),
(579, 11, 20, 'l4q20', 2, 'opt_count=5|mode=S'),
(580, 11, 21, 'l4q21', 6, 'opt_count=1|type=numeric|max_val=5|mode=S'),
(581, 11, 22, 'l4q22', 6, 'mode=S|type=numeric|opt_count=2|max_val=7'),
(582, 11, 23, 'l4q23', 2, 'opt_count=5|mode=S'),
(583, 11, 24, 'l4q24', 2, 'mode=D|opt_count=9'),
(584, 11, 25, 'l4q25', 2, 'opt_count=5|mode=S'),
(585, 11, 26, 'l4q26', 6, 'mode=D|opt_count=1|type=numeric|max_val=5'),
(586, 11, 27, 'l4q27', 1, 'mode=D|custom_options'),
(587, 11, 28, 'l4q28', 1, 'mode=D|custom_options'),
(588, 11, 29, 'l4q29', 4, 'mode=D'),
(589, 11, 30, 'l4q30', 2, 'mode=D|opt_count=9'),
(590, 11, 31, 'l4q31', 1, 'mode=D|custom_options'),
(591, 11, 32, 'l4q32', 1, 'mode=D|custom_options'),
(592, 11, 33, 'l4q33', 4, 'mode=D'),
(593, 11, 34, 'l4q34', 6, 'mode=S|type=numeric|opt_count=2|max_val=5'),
(594, 11, 35, 'l4q35', 6, 'mode=D|type=boolean|opt_count=2'),
(595, 11, 36, 'l4q36', 6, 'mode=D|type=boolean|opt_count=2'),
(596, 11, 37, 'l4q37', 6, 'mode=S|type=boolean|opt_count=2'),
(597, 11, 38, 'l4q38', 6, 'mode=D|type=boolean|opt_count=2'),
(598, 11, 39, 'l4q39', 6, 'mode=D|type=boolean|opt_count=2'),
(599, 11, 40, 'l4q40', 6, 'mode=D|type=numeric|opt_count=2|max_val=5'),
(600, 11, 41, 'l4q41', 2, 'mode=D|opt_count=9'),
(601, 11, 42, 'l4q42', 2, 'mode=D|opt_count=9'),
(602, 11, 43, 'l4q43', 4, 'mode=D'),
(603, 11, 44, 'l4q44', 9, 'mode=D'),
(604, 11, 45, 'l4q45', 4, 'mode=D'),
(605, 11, 46, 'l4q46', 6, 'mode=D|type=boolean|opt_count=2'),
(606, 11, 47, 'l4q47', 6, 'mode=D|type=numeric|opt_count=2|max_val=5'),
(607, 11, 48, 'l4q48', 6, 'mode=D|opt_count=1|type=numeric|max_val=5'),
(608, 11, 49, 'l4q49', 2, 'opt_count=5|mode=S'),
(609, 11, 50, 'l4q50', 6, 'mode=D|opt_count=1|type=numeric|max_val=5'),
(610, 11, 51, 'l4q51', 6, 'mode=D|opt_count=6|type=numeric|max_val=5'),
(611, 11, 52, 'l4q52', 2, 'mode=D|opt_count=6'),
(612, 11, 53, 'l4q53', 2, 'opt_count=6|mode=S'),
(613, 11, 54, 'l4q54', 2, 'mode=D|opt_count=6'),
(614, 11, 55, 'l4q55', 2, 'opt_count=6|mode=S'),
(615, 11, 56, 'l4q56', 2, 'mode=D|opt_count=6'),
(616, 11, 57, 'l4q57', 2, 'opt_count=6|mode=S'),
(617, 11, 58, 'l4q58', 2, 'mode=D|opt_count=6'),
(618, 11, 59, 'l4q59', 2, 'opt_count=6|mode=S'),
(619, 11, 60, 'l4q60', 2, 'mode=D|opt_count=6'),
(620, 11, 61, 'l4q61', 2, 'opt_count=6|mode=S'),
(621, 11, 62, 'l4q62', 2, 'mode=D|opt_count=6'),
(622, 11, 63, 'l4q63', 2, 'opt_count=6|mode=S'),
(623, 12, 1, 'l5q1', 4, 'mode=S'),
(624, 12, 2, 'l5q2', 4, 'mode=D'),
(625, 12, 3, 'l5q3', 6, 'mode=D|opt_count=2|type=boolean'),
(626, 12, 4, 'l5q4', 6, 'mode=S|opt_count=2|type=boolean'),
(627, 12, 5, 'l5q5', 2, 'mode=S|opt_count=7'),
(628, 12, 6, 'l5q6', 1, 'mode=S|custom_options'),
(629, 12, 7, 'l5q7', 9, 'mode=S'),
(630, 12, 8, 'l5q8', 9, 'mode=S'),
(631, 12, 9, 'l5q9', 2, 'mode=S|opt_count=7'),
(632, 12, 10, 'l5q10', 9, 'mode=S'),
(633, 12, 11, 'l5q11', 9, 'mode=D'),
(634, 12, 12, 'l5q12', 2, 'mode=S|opt_count=7'),
(635, 12, 13, 'l5q13', 1, 'mode=S|custom_options'),
(636, 12, 14, 'l5q14', 9, 'mode=S'),
(637, 12, 15, 'l5q15', 9, 'mode=S'),
(638, 12, 16, 'l5q16', 2, 'mode=S|opt_count=7'),
(639, 12, 17, 'l5q17', 9, 'mode=S'),
(640, 12, 18, 'l5q18', 9, 'mode=D'),
(641, 12, 19, 'l5q19', 2, 'mode=S|opt_count=7'),
(642, 12, 20, 'l5q20', 1, 'mode=S|custom_options'),
(643, 12, 21, 'l5q21', 9, 'mode=S'),
(644, 12, 22, 'l5q22', 9, 'mode=S'),
(645, 12, 23, 'l5q23', 2, 'mode=S|opt_count=7'),
(646, 12, 24, 'l5q24', 9, 'mode=S'),
(647, 12, 25, 'l5q25', 9, 'mode=D'),
(648, 12, 26, 'l5q26', 2, 'mode=S|opt_count=7'),
(649, 12, 27, 'l5q27', 1, 'mode=S|custom_options'),
(650, 12, 28, 'l5q28', 9, 'mode=S'),
(651, 12, 29, 'l5q29', 9, 'mode=S'),
(652, 12, 30, 'l5q30', 2, 'mode=S|opt_count=7'),
(653, 12, 31, 'l5q31', 9, 'mode=S'),
(654, 12, 32, 'l5q32', 9, 'mode=D'),
(655, 12, 33, 'l5q33', 2, 'mode=S|opt_count=7'),
(656, 12, 34, 'l5q34', 1, 'mode=S|custom_options'),
(657, 12, 35, 'l5q35', 9, 'mode=S'),
(658, 12, 36, 'l5q36', 9, 'mode=S'),
(659, 12, 37, 'l5q37', 2, 'mode=S|opt_count=7'),
(660, 12, 38, 'l5q38', 9, 'mode=S'),
(661, 12, 39, 'l5q39', 9, 'mode=D'),
(662, 12, 40, 'l5q40', 2, 'mode=S|opt_count=7'),
(663, 12, 41, 'l5q41', 1, 'mode=S|custom_options'),
(664, 12, 42, 'l5q42', 9, 'mode=S'),
(665, 12, 43, 'l5q43', 9, 'mode=S'),
(666, 12, 44, 'l5q44', 2, 'mode=S|opt_count=7'),
(667, 12, 45, 'l5q45', 9, 'mode=S'),
(668, 12, 46, 'l5q46', 9, 'mode=D'),
(669, 12, 47, 'l5q47', 2, 'mode=S|opt_count=7'),
(670, 12, 48, 'l5q48', 1, 'mode=S|custom_options'),
(671, 12, 49, 'l5q49', 9, 'mode=S'),
(672, 12, 50, 'l5q50', 9, 'mode=S'),
(673, 12, 51, 'l5q51', 2, 'mode=S|opt_count=7'),
(674, 12, 52, 'l5q52', 9, 'mode=S'),
(675, 12, 53, 'l5q53', 9, 'mode=D'),
(676, 12, 54, 'l5q54', 6, 'mode=D|opt_count=2|type=boolean'),
(677, 12, 55, 'l5q55', 4, 'mode=D'),
(678, 12, 56, 'l5q56', 6, 'mode=D|opt_count=1|type=numeric|max_val=5'),
(679, 12, 57, 'l5q57', 2, 'mode=D|opt_count=5'),
(680, 12, 58, 'l5q58', 6, 'mode=D|opt_count=5|type=numeric|max_val=5'),
(681, 12, 59, 'l5q59', 2, 'mode=D|opt_count=5'),
(682, 12, 60, 'l5q60', 2, 'mode=D|opt_count=5'),
(683, 13, 1, 'l6q1', 6, 'mode=D|opt_count=2|type=numeric|max_val=5'),
(684, 13, 2, 'l6q2', 6, 'mode=D|opt_count=2|type=numeric|max_val=5'),
(685, 13, 3, 'l6q3', 6, 'mode=D|opt_count=2|type=numeric|max_val=5'),
(686, 13, 4, 'l6q4', 6, 'mode=D|opt_count=2|type=numeric|max_val=5'),
(687, 13, 5, 'l6q5', 6, 'mode=D|opt_count=3|type=numeric|max_val=5'),
(688, 13, 6, 'l6q6', 6, 'mode=D|opt_count=2|type=numeric|max_val=5'),
(689, 13, 7, 'l6q7', 6, 'mode=D|opt_count=2|type=numeric|max_val=5'),
(690, 13, 8, 'l6q8', 6, 'mode=D|opt_count=2|type=numeric|max_val=5'),
(691, 13, 9, 'l6q9', 6, 'mode=D|opt_count=1|type=numeric|max_val=5'),
(692, 13, 10, 'l6q10', 17, 'mode=D|type=numeric|opt_count=1|max_val=5'),
(693, 13, 11, 'l6q11', 2, 'mode=D|opt_count=6'),
(694, 13, 12, 'l6q12', 2, 'mode=D|opt_count=6'),
(695, 13, 13, 'l6q13', 2, 'mode=D|opt_count=6'),
(696, 13, 14, 'l6q14', 2, 'mode=D|opt_count=5'),
(697, 13, 15, 'l6q15', 9, 'mode=D'),
(698, 13, 16, 'l6q16', 1, 'mode=D|custom_options'),
(699, 13, 17, 'l6q17', 1, 'mode=D|custom_options'),
(700, 13, 18, 'l6q18', 1, 'mode=D|custom_options'),
(701, 13, 19, 'l6q19', 1, 'mode=D|custom_options'),
(702, 13, 20, 'l6q20', 1, 'mode=S|custom_options'),
(703, 13, 21, 'l6q21', 9, 'mode=D'),
(704, 13, 22, 'l6q22', 9, 'mode=D'),
(705, 13, 23, 'l6q23', 6, 'mode=D|opt_count=3|type=numeric|max_val=12'),
(706, 13, 24, 'l6q24', 4, 'mode=D'),
(707, 13, 25, 'l6q25', 6, 'mode=D|opt_count=2|type=boolean'),
(708, 13, 26, 'l6q26', 2, 'mode=D|opt_count=5'),
(709, 13, 27, 'l6q27', 2, 'mode=D|opt_count=5'),
(710, 13, 28, 'l6q28', 6, 'mode=D|opt_count=2|type=boolean'),
(711, 13, 29, 'l6q29', 6, 'mode=D|opt_count=2|type=numeric|max_val=5'),
(712, 13, 30, 'l6q30', 6, 'mode=D|opt_count=2|type=numeric|max_val=5'),
(713, 13, 31, 'l6q31', 2, 'mode=D|opt_count=5'),
(714, 13, 32, 'l6q32', 2, 'mode=D|opt_count=5'),
(715, 13, 33, 'l6q33', 6, 'mode=D|opt_count=2|type=numeric|max_val=5'),
(716, 13, 34, 'l6q34', 6, 'mode=D|opt_count=2|type=numeric|max_val=5'),
(717, 13, 35, 'l6q35', 1, 'mode=D|custom_options'),
(718, 13, 36, 'l6q36', 9, 'mode=S'),
(719, 13, 37, 'l6q37', 9, 'mode=D'),
(720, 13, 38, 'l6q38', 6, 'mode=D|opt_count=2|type=numeric|max_val=5'),
(721, 13, 39, 'l6q39', 6, 'mode=D|opt_count=2|type=numeric|max_val=5'),
(722, 13, 40, 'l6q40', 6, 'mode=D|opt_count=1|type=numeric|max_val=5'),
(723, 13, 41, 'l6q41', 6, 'mode=D|opt_count=1|type=numeric|max_val=5'),
(724, 13, 42, 'l6q42', 6, 'mode=D|opt_count=1|type=numeric|max_val=5'),
(725, 13, 43, 'l6q43', 6, 'mode=D|opt_count=1|type=numeric|max_val=5'),
(726, 13, 44, 'l6q44', 6, 'mode=D|opt_count=1|type=numeric|max_val=5'),
(727, 13, 45, 'l6q45', 6, 'mode=D|opt_count=1|type=numeric|max_val=5'),
(728, 13, 46, 'l6q46', 6, 'mode=D|opt_count=1|type=numeric|max_val=5'),
(729, 13, 47, 'l6q47', 1, 'mode=D|custom_options'),
(730, 13, 48, 'l6q48', 9, 'mode=S'),
(731, 13, 49, 'l6q49', 9, 'mode=D'),
(732, 13, 50, 'l6q50', 1, 'mode=D|custom_options'),
(733, 13, 51, 'l6q51', 9, 'mode=S'),
(734, 13, 52, 'l6q52', 9, 'mode=D'),
(737, 7, 1, 'l7q1', 22, NULL),
(738, 7, 2, 'l7q2', 22, NULL),
(739, 7, 3, 'l7q3', 22, NULL),
(740, 7, 4, 'l7q4', 22, NULL),
(741, 7, 5, 'l7q5', 22, NULL),
(742, 7, 6, 'l7q6', 22, NULL),
(743, 7, 7, 'l7q7', 22, NULL),
(744, 7, 8, 'l7q8', 22, NULL),
(745, 7, 9, 'l7q9', 22, NULL),
(746, 7, 10, 'l7q10', 22, NULL),
(747, 7, 11, 'l7q11', 22, NULL),
(748, 7, 12, 'l7q12', 22, NULL),
(749, 7, 13, 'l7q13', 22, NULL),
(750, 7, 14, 'l7q14', 22, NULL),
(751, 7, 15, 'l7q15', 22, NULL),
(752, 7, 16, 'l7q16', 22, NULL),
(753, 7, 17, 'l7q17', 22, NULL),
(754, 7, 18, 'l7q18', 22, NULL),
(755, 7, 19, 'l7q19', 22, NULL),
(756, 7, 20, 'l7q20', 22, NULL),
(757, 7, 21, 'l7q21', 22, NULL),
(758, 7, 22, 'l7q22', 22, NULL),
(759, 7, 23, 'l7q23', 22, NULL),
(760, 7, 24, 'l7q24', 22, NULL);

DROP TABLE IF EXISTS `q_question_type`;
CREATE TABLE IF NOT EXISTS `q_question_type` (
  `id` int(11) NOT NULL AUTO_INCREMENT,
  `typename` varchar(50) NOT NULL,
  PRIMARY KEY (`id`)
) ENGINE=InnoDB  DEFAULT CHARSET=utf8 AUTO_INCREMENT=23 ;

TRUNCATE TABLE `q_question_type`;
INSERT INTO `q_question_type` (`id`, `typename`) VALUES
(1, 'Scroller'),
(2, 'Selection'),
(3, 'Range'),
(4, 'YesNo'),
(5, 'MultiSelection'),
(6, 'Spinner'),
(7, 'DragDrop'),
(8, 'YesNo_Selection'),
(9, 'Pie'),
(10, 'Household'),
(11, 'Ethnicity'),
(12, 'No_Selection'),
(13, 'YesNo_Double'),
(14, 'typeG'),
(15, 'NotYet_Scroller'),
(16, 'MultiSpinner'),
(17, 'YesNo_Spinner'),
(18, 'YesNo_Selection2'),
(19, 'YesNo_Range'),
(20, 'No_Selection2'),
(21, 'Selection2'),
(22, 'Outcome');

DROP TABLE IF EXISTS `request`;
CREATE TABLE IF NOT EXISTS `request` (
  `id` bigint(20) NOT NULL AUTO_INCREMENT,
  `from_user` int(11) NOT NULL,
  `to_user` int(11) NOT NULL,
  `type` enum('friendship','question_privacy') NOT NULL,
  `created` timestamp NOT NULL DEFAULT CURRENT_TIMESTAMP,
  `optional` varchar(255) DEFAULT NULL,
  PRIMARY KEY (`id`),
  KEY `type` (`type`),
  KEY `to_user` (`to_user`),
  KEY `from_user` (`from_user`)
) ENGINE=InnoDB  DEFAULT CHARSET=utf8 AUTO_INCREMENT=1 ;

DROP TABLE IF EXISTS `shape`;
CREATE TABLE IF NOT EXISTS `shape` (
  `id` int(11) NOT NULL AUTO_INCREMENT,
  `name` varchar(50) NOT NULL,
  PRIMARY KEY (`id`)
) ENGINE=InnoDB  DEFAULT CHARSET=utf8 AUTO_INCREMENT=17 ;

TRUNCATE TABLE `shape`;
INSERT INTO `shape` (`id`, `name`) VALUES
(1, 'hexagon'),
(2, 'triangle'),
(3, 'square'),
(4, 'circle'),
(5, 'ellipse'),
(6, 'rectangle'),
(7, 'trapezium'),
(8, 'pentagon'),
(9, 'pentagram'),
(10, 'semi_circle'),
(11, 'ovate'),
(12, 'kite'),
(13, 'crescent'),
(14, 'deltoid'),
(15, 'octagon'),
(16, 'rhombus');

DROP TABLE IF EXISTS `topic`;
CREATE TABLE IF NOT EXISTS `topic` (
  `id` bigint(20) NOT NULL AUTO_INCREMENT,
  `color1` enum('red','green','blue','yellow') NOT NULL,
  `shape1` int(11) NOT NULL,
  `color2` enum('red','green','blue','yellow') NOT NULL,
  `shape2` int(11) NOT NULL,
  `created_by` int(11) NOT NULL,
  `created_datetime` timestamp NOT NULL DEFAULT CURRENT_TIMESTAMP,
  `title` tinytext NOT NULL,
  PRIMARY KEY (`id`),
  KEY `created_by` (`created_by`)
) ENGINE=InnoDB  DEFAULT CHARSET=utf8 AUTO_INCREMENT=1 ;

DROP TABLE IF EXISTS `topic_comment_share`;
CREATE TABLE IF NOT EXISTS `topic_comment_share` (
  `id` bigint(20) NOT NULL AUTO_INCREMENT,
  `comment_id` bigint(20) NOT NULL,
  `user_id` int(11) NOT NULL,
  `shared` timestamp NOT NULL DEFAULT CURRENT_TIMESTAMP,
  PRIMARY KEY (`id`),
  KEY `comment_id` (`comment_id`),
  KEY `user_id` (`user_id`)
) ENGINE=InnoDB DEFAULT CHARSET=utf8 AUTO_INCREMENT=1 ;

DROP TABLE IF EXISTS `topic_comment_vote`;
CREATE TABLE IF NOT EXISTS `topic_comment_vote` (
  `id` bigint(20) NOT NULL AUTO_INCREMENT,
  `comment_id` bigint(20) NOT NULL,
  `user_id` int(11) NOT NULL,
  `type` enum('like','dislike') NOT NULL,
  `created` timestamp NOT NULL DEFAULT CURRENT_TIMESTAMP,
  PRIMARY KEY (`id`),
  KEY `comment_id` (`comment_id`),
  KEY `user_id` (`user_id`),
  KEY `type` (`type`)
) ENGINE=InnoDB  DEFAULT CHARSET=utf8 AUTO_INCREMENT=1 ;

DROP TABLE IF EXISTS `user`;
CREATE TABLE IF NOT EXISTS `user` (
  `id` int(11) NOT NULL AUTO_INCREMENT,
  `email` varchar(100) NOT NULL,
  `password` varchar(256) NOT NULL,
  `language` varchar(50) DEFAULT 'english',
  `activated` tinyint(1) NOT NULL DEFAULT '0',
  `active` tinyint(1) NOT NULL DEFAULT '1',
  `is_online` tinyint(1) NOT NULL DEFAULT '0',
  `blocked` tinyint(1) NOT NULL DEFAULT '0',
  `deleted` tinyint(1) NOT NULL DEFAULT '0',
  `email_key` varchar(50) DEFAULT NULL,
  `created` timestamp NOT NULL DEFAULT CURRENT_TIMESTAMP,
  `last_ip` varchar(15) DEFAULT NULL,
  `users_guide_hidden` tinyint(1) NOT NULL DEFAULT '0',
  `joined` tinyint(1) NOT NULL DEFAULT '0',
  `email_notifications` char(8) NOT NULL DEFAULT '11111111',
  PRIMARY KEY (`id`),
  UNIQUE KEY `email` (`email`)
) ENGINE=InnoDB  DEFAULT CHARSET=utf8 AUTO_INCREMENT=6 ;

TRUNCATE TABLE `user`;
INSERT INTO `user` (`id`, `email`, `password`, `language`, `activated`, `active`, `is_online`, `blocked`, `deleted`, `email_key`, `created`, `last_ip`) VALUES
(1, 'tiger.freelancer@gmail.com', '$1$76LhhvCh$zGwY1T3fByt9V9qOC3vEF1', 'english', 1, 1, 0, 0, 0, NULL, '2015-06-15 12:23:41', NULL),
(2, 'antonis.mytidis@gmail.com', '$1$76LhhvCh$zGwY1T3fByt9V9qOC3vEF1', 'english', 1, 1, 0, 0, 0, NULL, '2015-07-09 07:59:19', NULL),
(3, 'test2@test.email.ua', '$1$76LhhvCh$zGwY1T3fByt9V9qOC3vEF1', 'english', 1, 1, 0, 0, 0, NULL, '2015-07-09 07:59:23', NULL),
(4, 'test3@test.email.ua', '$1$76LhhvCh$zGwY1T3fByt9V9qOC3vEF1', 'english', 1, 1, 0, 0, 0, NULL, '2015-07-09 07:59:29', NULL),
(5, 'test4@test.email.ua', '$1$76LhhvCh$zGwY1T3fByt9V9qOC3vEF1', 'english', 1, 1, 0, 0, 0, NULL, '2015-07-09 07:59:33', NULL);

DROP TABLE IF EXISTS `user_friend`;
CREATE TABLE IF NOT EXISTS `user_friend` (
  `id` int(11) NOT NULL AUTO_INCREMENT,
  `user_id` int(11) NOT NULL,
  `friend_id` int(11) NOT NULL COMMENT 'user_id',
  PRIMARY KEY (`id`),
  KEY `user_id` (`user_id`),
  KEY `friend_id` (`friend_id`)
) ENGINE=InnoDB  DEFAULT CHARSET=utf8 AUTO_INCREMENT=1 ;

DROP TABLE IF EXISTS `user_profile`;
CREATE TABLE IF NOT EXISTS `user_profile` (
  `id` int(11) NOT NULL AUTO_INCREMENT,
  `user_id` int(11) NOT NULL,
  `username` varchar(30) NOT NULL,
  `birthday` date DEFAULT NULL,
  `country` varchar(100) DEFAULT NULL,
  `state` varchar(100) DEFAULT NULL,
  `city` varchar(100) DEFAULT NULL,
  `education` varchar(25) DEFAULT NULL,
  `gender` varchar(25) DEFAULT NULL,
  `orientation` varchar(25) DEFAULT NULL,
  `relationship` varchar(25) DEFAULT NULL,
  `color` enum('red','green','blue','yellow') DEFAULT NULL,
  `shape_id` int(11) DEFAULT NULL,
  `dailymood` tinyint(3) unsigned NOT NULL DEFAULT '0',
  `dailymood_hidden` tinyint(1) NOT NULL DEFAULT '0',
  `profile_image` varchar(255) DEFAULT NULL,
  PRIMARY KEY (`id`),
  UNIQUE KEY `user_id` (`user_id`),
  UNIQUE KEY `username` (`username`)
) ENGINE=InnoDB  DEFAULT CHARSET=utf8 AUTO_INCREMENT=6 ;

TRUNCATE TABLE `user_profile`;
INSERT INTO `user_profile` (`id`, `user_id`, `username`, `birthday`, `country`, `state`, `city`, `education`, `gender`, `orientation`, `relationship`, `color`, `shape_id`, `dailymood`, `dailymood_hidden`, `profile_image`) VALUES
(1, 1, 'Andrey', NULL, 'United States', 'Pennsylvania', 'Philadelphia', NULL, 'male', NULL, 'single fun', 'green', 2, 54, 0, NULL),
(2, 2, 'Andonis Mitidis', NULL, 'United States', 'California', 'Los Angeles', NULL, 'male', NULL, 'single fun', 'green', 1, 124, 0, NULL),
(3, 3, 'Ivan Ivanov', NULL, 'United States', 'Massachusetts', 'Boston', 'middle school', 'male', 'straight', 'single fun', 'green', 1, 0, 0, NULL),
(4, 4, 'test user3', NULL, 'Ukraine', 'Lviv Oblast', 'Lviv', NULL, 'male', NULL, 'single fun', 'green', 2, 0, 0, NULL),
(5, 5, 'test user4', NULL, 'Ukraine', 'Lviv Oblast', 'Lviv', NULL, 'male', NULL, 'single fun', 'green', 1, 0, 0, NULL);

DROP TABLE IF EXISTS `user_topic_log`;
CREATE TABLE IF NOT EXISTS `user_topic_log` (
  `user_id` int(11) NOT NULL,
  `topic_id` bigint(20) NOT NULL,
  `last_view` timestamp NOT NULL DEFAULT CURRENT_TIMESTAMP,
  PRIMARY KEY (`user_id`,`topic_id`)
) ENGINE=InnoDB  DEFAULT CHARSET=utf8;